{"cameraMode":{"drawMode":0,"name":"Shaded","section":"Shading Mode"},"sceneLighting":false,"audioPlay":false,"sceneViewState":{"showFog":true,"showMaterialUpdate":false,"showSkybox":true,"showFlares":true,"showImageEffects":true,"showParticleSystems":true},"in2DMode":false,"pivot":{"x":-6.6000471115112309,"y":4.350000381469727,"z":-1.8000001907348633},"rotation":{"x":0.03973829746246338,"y":0.9565553069114685,"z":-0.1566561609506607,"w":0.24265572428703309},"size":9.349739074707032,"orthographic":false}