{"cameraMode":{"drawMode":0,"name":"Shaded","section":"Shading Mode"},"sceneLighting":false,"audioPlay":false,"sceneViewState":{"showFog":true,"showMaterialUpdate":false,"showSkybox":true,"showFlares":true,"showImageEffects":true,"showParticleSystems":true},"in2DMode":false,"pivot":{"x":-3.110367774963379,"y":1.4483511447906495,"z":-0.2954540252685547},"rotation":{"x":0.035228341817855838,"y":0.9647210240364075,"z":-0.1893695592880249,"w":0.17947565019130708},"size":9.344097137451172,"orthographic":false}