{"cameraMode":{"drawMode":32,"name":"UV Overlap","section":"Baked Global Illumination"},"sceneLighting":false,"audioPlay":false,"sceneViewState":{"showFog":true,"showMaterialUpdate":false,"showSkybox":true,"showFlares":true,"showImageEffects":true,"showParticleSystems":true},"in2DMode":false,"pivot":{"x":-0.5740026235580444,"y":-1.132340908050537,"z":-2.8432600498199465},"rotation":{"x":-0.022799113765358926,"y":0.9750606417655945,"z":-0.18534421920776368,"w":-0.11993543803691864},"size":4.9864397048950199,"orthographic":false}