{"cameraMode":{"drawMode":32,"name":"UV Overlap","section":"Baked Global Illumination"},"sceneLighting":false,"audioPlay":false,"sceneViewState":{"showFog":true,"showMaterialUpdate":false,"showSkybox":true,"showFlares":true,"showImageEffects":true,"showParticleSystems":true},"in2DMode":false,"pivot":{"x":-2.6762876510620119,"y":-1.5961384773254395,"z":0.16823123395442964},"rotation":{"x":-0.15621739625930787,"y":0.7123998403549194,"z":-0.16778846085071565,"w":-0.6632719039916992},"size":5.854957103729248,"orthographic":false}