{"cameraMode":{"drawMode":0,"name":"Shaded","section":"Shading Mode"},"sceneLighting":false,"audioPlay":false,"sceneViewState":{"showFog":true,"showMaterialUpdate":false,"showSkybox":true,"showFlares":true,"showImageEffects":true,"showParticleSystems":true},"in2DMode":false,"pivot":{"x":-1.9996142387390137,"y":1.9999992847442628,"z":-1.7136335372924806e-7},"rotation":{"x":0.11361096799373627,"y":0.824690580368042,"z":-0.17865030467510224,"w":0.5244637131690979},"size":9.342533111572266,"orthographic":false}