{"cameraMode":{"drawMode":0,"name":"Shaded","section":"Shading Mode"},"sceneLighting":false,"audioPlay":false,"sceneViewState":{"showFog":true,"showMaterialUpdate":false,"showSkybox":true,"showFlares":true,"showImageEffects":true,"showParticleSystems":true},"in2DMode":false,"pivot":{"x":0.049999985843896869,"y":0.515327513217926,"z":2.0},"rotation":{"x":0.03973829746246338,"y":0.9565553069114685,"z":-0.1566561609506607,"w":0.24265572428703309},"size":6.896298885345459,"orthographic":false}