{"cameraMode":{"drawMode":32,"name":"UV Overlap","section":"Baked Global Illumination"},"sceneLighting":false,"audioPlay":false,"sceneViewState":{"showFog":true,"showMaterialUpdate":false,"showSkybox":true,"showFlares":true,"showImageEffects":true,"showParticleSystems":true},"in2DMode":false,"pivot":{"x":0.411649227142334,"y":0.056580543518066409,"z":-0.6953690052032471},"rotation":{"x":0.04065747186541557,"y":0.9439330101013184,"z":-0.1271001547574997,"w":0.30196520686149599},"size":1.9177758693695069,"orthographic":false}