{"cameraMode":{"drawMode":0,"name":"Shaded","section":"Shading Mode"},"sceneLighting":true,"audioPlay":false,"sceneViewState":{"showFog":true,"showMaterialUpdate":false,"showSkybox":true,"showFlares":true,"showImageEffects":true,"showParticleSystems":true},"in2DMode":false,"pivot":{"x":14.700250625610352,"y":-0.3076176643371582,"z":22.179582595825197},"rotation":{"x":0.15919016301631928,"y":0.250829815864563,"z":-0.04186065122485161,"w":0.9539342522621155},"size":22.0,"orthographic":false}