{"cameraMode":{"drawMode":0,"name":"Shaded","section":"Shading Mode"},"sceneLighting":false,"audioPlay":false,"sceneViewState":{"showFog":true,"showMaterialUpdate":false,"showSkybox":true,"showFlares":true,"showImageEffects":true,"showParticleSystems":true},"in2DMode":false,"pivot":{"x":-1.999891996383667,"y":1.9999992847442628,"z":0.0},"rotation":{"x":0.03973829746246338,"y":0.9565553069114685,"z":-0.1566561609506607,"w":0.24265572428703309},"size":9.900656700134278,"orthographic":false}