{"cameraMode":{"drawMode":0,"name":"Shaded","section":"Shading Mode"},"sceneLighting":false,"audioPlay":false,"sceneViewState":{"showFog":true,"showMaterialUpdate":false,"showSkybox":true,"showFlares":true,"showImageEffects":true,"showParticleSystems":true},"in2DMode":false,"pivot":{"x":-7.937282562255859,"y":3.4742813110351564,"z":-1.4257376194000245},"rotation":{"x":0.11361096799373627,"y":0.824690580368042,"z":-0.17865030467510224,"w":0.5244637131690979},"size":9.341341018676758,"orthographic":false}